<?xml version="1.0" encoding="UTF-8"?>
<configurationDescriptor version="100">
  <logicalFolder name="root" displayName="root" projectFiles="true" kind="ROOT">
    <logicalFolder name="HeaderFiles"
                   displayName="Header Files"
                   projectFiles="true">
      <itemPath>Cliente.h</itemPath>
      <itemPath>Comentario.h</itemPath>
      <itemPath>Compra.h</itemPath>
      <itemPath>Controlador.h</itemPath>
      <itemPath>DtClasses.h</itemPath>
      <itemPath>Fabrica.h</itemPath>
      <itemPath>IControlador.h</itemPath>
      <itemPath>Producto.h</itemPath>
      <itemPath>Promocion.h</itemPath>
      <itemPath>Usuario.h</itemPath>
      <itemPath>Vendedor.h</itemPath>
    </logicalFolder>
    <logicalFolder name="ResourceFiles"
                   displayName="Resource Files"
                   projectFiles="true">
    </logicalFolder>
    <logicalFolder name="SourceFiles"
                   displayName="Source Files"
                   projectFiles="true">
      <itemPath>Cliente.cpp</itemPath>
      <itemPath>Comentario.cpp</itemPath>
      <itemPath>Compra.cpp</itemPath>
      <itemPath>Controlador.cpp</itemPath>
      <itemPath>Fabrica.cpp</itemPath>
      <itemPath>Producto.cpp</itemPath>
      <itemPath>Promocion.cpp</itemPath>
      <itemPath>Usuario.cpp</itemPath>
      <itemPath>Vendedor.cpp</itemPath>
      <itemPath>main.cpp</itemPath>
    </logicalFolder>
    <logicalFolder name="TestFiles"
                   displayName="Test Files"
                   projectFiles="false"
                   kind="TEST_LOGICAL_FOLDER">
    </logicalFolder>
    <logicalFolder name="ExternalFiles"
                   displayName="Important Files"
                   projectFiles="false"
                   kind="IMPORTANT_FILES_FOLDER">
      <itemPath>Makefile</itemPath>
    </logicalFolder>
  </logicalFolder>
  <projectmakefile>Makefile</projectmakefile>
  <confs>
    <conf name="Debug" type="1">
      <toolsSet>
        <compilerSet>default</compilerSet>
        <dependencyChecking>true</dependencyChecking>
        <rebuildPropChanged>false</rebuildPropChanged>
      </toolsSet>
      <compileType>
      </compileType>
      <item path="Cliente.cpp" ex="false" tool="1" flavor2="0">
      </item>
      <item path="Cliente.h" ex="false" tool="3" flavor2="0">
      </item>
      <item path="Comentario.cpp" ex="false" tool="1" flavor2="0">
      </item>
      <item path="Comentario.h" ex="false" tool="3" flavor2="0">
      </item>
      <item path="Compra.cpp" ex="false" tool="1" flavor2="0">
      </item>
      <item path="Compra.h" ex="false" tool="3" flavor2="0">
      </item>
      <item path="Controlador.cpp" ex="false" tool="1" flavor2="0">
      </item>
      <item path="Controlador.h" ex="false" tool="3" flavor2="0">
      </item>
      <item path="DtClasses.h" ex="false" tool="3" flavor2="0">
      </item>
      <item path="Fabrica.cpp" ex="false" tool="1" flavor2="0">
      </item>
      <item path="Fabrica.h" ex="false" tool="3" flavor2="0">
      </item>
      <item path="IControlador.h" ex="false" tool="3" flavor2="0">
      </item>
      <item path="Producto.cpp" ex="false" tool="1" flavor2="0">
      </item>
      <item path="Producto.h" ex="false" tool="3" flavor2="0">
      </item>
      <item path="Promocion.cpp" ex="false" tool="1" flavor2="0">
      </item>
      <item path="Promocion.h" ex="false" tool="3" flavor2="0">
      </item>
      <item path="Usuario.cpp" ex="false" tool="1" flavor2="0">
      </item>
      <item path="Usuario.h" ex="false" tool="3" flavor2="0">
      </item>
      <item path="Vendedor.cpp" ex="false" tool="1" flavor2="0">
      </item>
      <item path="Vendedor.h" ex="false" tool="3" flavor2="0">
      </item>
      <item path="main.cpp" ex="false" tool="1" flavor2="0">
      </item>
    </conf>
    <conf name="Release" type="1">
      <toolsSet>
        <compilerSet>default</compilerSet>
        <dependencyChecking>true</dependencyChecking>
        <rebuildPropChanged>false</rebuildPropChanged>
      </toolsSet>
      <compileType>
        <cTool>
          <developmentMode>5</developmentMode>
        </cTool>
        <ccTool>
          <developmentMode>5</developmentMode>
        </ccTool>
        <fortranCompilerTool>
          <developmentMode>5</developmentMode>
        </fortranCompilerTool>
        <asmTool>
          <developmentMode>5</developmentMode>
        </asmTool>
      </compileType>
      <item path="Cliente.cpp" ex="false" tool="1" flavor2="0">
      </item>
      <item path="Cliente.h" ex="false" tool="3" flavor2="0">
      </item>
      <item path="Comentario.cpp" ex="false" tool="1" flavor2="0">
      </item>
      <item path="Comentario.h" ex="false" tool="3" flavor2="0">
      </item>
      <item path="Compra.cpp" ex="false" tool="1" flavor2="0">
      </item>
      <item path="Compra.h" ex="false" tool="3" flavor2="0">
      </item>
      <item path="Controlador.cpp" ex="false" tool="1" flavor2="0">
      </item>
      <item path="Controlador.h" ex="false" tool="3" flavor2="0">
      </item>
      <item path="DtClasses.h" ex="false" tool="3" flavor2="0">
      </item>
      <item path="Fabrica.cpp" ex="false" tool="1" flavor2="0">
      </item>
      <item path="Fabrica.h" ex="false" tool="3" flavor2="0">
      </item>
      <item path="IControlador.h" ex="false" tool="3" flavor2="0">
      </item>
      <item path="Producto.cpp" ex="false" tool="1" flavor2="0">
      </item>
      <item path="Producto.h" ex="false" tool="3" flavor2="0">
      </item>
      <item path="Promocion.cpp" ex="false" tool="1" flavor2="0">
      </item>
      <item path="Promocion.h" ex="false" tool="3" flavor2="0">
      </item>
      <item path="Usuario.cpp" ex="false" tool="1" flavor2="0">
      </item>
      <item path="Usuario.h" ex="false" tool="3" flavor2="0">
      </item>
      <item path="Vendedor.cpp" ex="false" tool="1" flavor2="0">
      </item>
      <item path="Vendedor.h" ex="false" tool="3" flavor2="0">
      </item>
      <item path="main.cpp" ex="false" tool="1" flavor2="0">
      </item>
    </conf>
  </confs>
</configurationDescriptor>
